condition,seed,trace,method,intervals,active_intervals,subinterval_checks,failures,max_endpoint_error,max_lipschitz_excess,min_true_interval_bound,minimum_feasibility_margin,model_safe_true_negative_intervals
aligned,111000001,calibration,cbvf,3937,2699,15748,0,2.55351295663786e-14,0.0,0.019239811305934933,0.14580580126103404,0
aligned,111000001,heldout_deployment,cp,3940,2698,15760,0,2.581268532253489e-14,0.0,0.019604071257404182,0.1461620491869567,0
aligned,111000001,heldout_reference,cbvf,3940,2698,15760,0,2.581268532253489e-14,0.0,0.019604071257404182,0.1461620491869567,0
aligned,111000001,performance_cbvf,cbvf,3950,2699,15800,0,2.4202861936828413e-14,0.0,0.018617709732125287,0.14527282362141963,0
aligned,111000001,performance_cp,cp,3950,2699,15800,0,2.4202861936828413e-14,0.0,0.018617709732125287,0.14527282362141963,0
aligned,111000001,performance_nominal,nominal,3950,0,15800,0,2.4202861936828413e-14,0.0,0.018617709732125287,,0
easy,111000001,calibration,cbvf,5423,4179,21692,0,6.217248937900877e-15,0.0,0.002356321607356245,0.06854914367185345,0
easy,111000001,heldout_deployment,cp,5506,4276,22024,0,7.882583474838611e-15,0.0,0.023753237239438736,0.04543582662020376,0
easy,111000001,heldout_reference,cbvf,5418,4188,21672,0,6.356026815979021e-15,0.0,0.002288714497244892,0.06662993001748602,0
easy,111000001,performance_cbvf,cbvf,5413,4182,21652,0,6.5503158452884236e-15,0.0,0.0023431098548814568,0.06810188037729688,0
easy,111000001,performance_cp,cp,5498,4267,21992,0,7.271960811294775e-15,0.0,0.023807163897658013,0.04695413419473591,0
easy,111000001,performance_nominal,nominal,5298,0,21192,0,4.6629367034256575e-15,0.0,-0.06919507467159162,,0
hard,111000001,calibration,cbvf,3385,2148,13540,0,6.661338147750939e-16,0.0,-0.010984071646495652,0.06276985422297462,1387
hard,111000001,heldout_deployment,cp,10528,4791,42112,0,6.661338147750939e-16,0.0,0.03491554535946196,0.06688548428556262,0
hard,111000001,heldout_reference,cbvf,3435,2189,13740,0,6.661338147750939e-16,0.0,-0.010596978000483221,0.059683777382760775,1421
hard,111000001,performance_cbvf,cbvf,3357,2109,13428,0,6.661338147750939e-16,0.0,-0.01138837813200445,0.06620644822966078,1354
hard,111000001,performance_cp,cp,10589,4792,42356,0,6.661338147750939e-16,0.0,0.03417939036596836,0.0705493404176561,0
hard,111000001,performance_nominal,nominal,2258,0,9032,0,9.992007221626409e-16,0.0,-0.2854932614037631,,0
aligned,112000001,calibration,cbvf,3973,2694,15892,0,5.773159728050814e-15,0.0,0.01435992386715465,0.141419803716504,0
aligned,112000001,heldout_deployment,cp,3962,2708,15848,0,6.161737786669619e-15,0.0,0.004514018629512041,0.1276171520407623,0
aligned,112000001,heldout_reference,cbvf,3962,2708,15848,0,6.161737786669619e-15,0.0,0.004514018629512041,0.1276171520407623,0
aligned,112000001,performance_cbvf,cbvf,3962,2704,15848,0,5.9396931817445875e-15,0.0,0.004532511113880763,0.1311406031082721,0
aligned,112000001,performance_cp,cp,3962,2704,15848,0,5.9396931817445875e-15,0.0,0.004532511113880763,0.1311406031082721,0
aligned,112000001,performance_nominal,nominal,3962,0,15848,0,5.828670879282072e-15,0.0,0.0031437179857801284,,0
easy,112000001,calibration,cbvf,5425,4181,21700,0,4.141131881851834e-14,0.0,0.002264006842135965,0.06677175059069704,0
easy,112000001,heldout_deployment,cp,5599,4331,22396,0,2.731148640577885e-14,0.0,0.02350355665547508,0.03681258034833408,0
easy,112000001,heldout_reference,cbvf,5490,4222,21960,0,4.6407322429331543e-14,0.0,0.0019662985620101337,0.05783402593337364,0
easy,112000001,performance_cbvf,cbvf,5480,4238,21920,0,4.6407322429331543e-14,0.0,0.0018628801441474344,0.05470428638816246,0
easy,112000001,performance_cp,cp,5598,4356,22392,0,3.441691376337985e-14,0.0,0.023401214668297306,0.033697027483214265,0
easy,112000001,performance_nominal,nominal,5311,0,21244,0,9.325873406851315e-15,0.0,-0.08446659409288393,,0
hard,112000001,calibration,cbvf,3377,2104,13508,0,7.771561172376096e-16,0.0,-0.011516400449419855,0.06701049139556509,1347
hard,112000001,heldout_deployment,cp,10555,4782,42220,0,6.661338147750939e-16,0.0,0.033628312720730164,0.07321997291415505,0
hard,112000001,heldout_reference,cbvf,3338,2067,13352,0,7.771561172376096e-16,0.0,-0.011994537947425332,0.07060703067955046,1318
hard,112000001,performance_cbvf,cbvf,3283,2042,13132,0,6.661338147750939e-16,0.0,-0.012386063936925866,0.07345402356331329,1299
hard,112000001,performance_cp,cp,10581,4814,42324,0,6.661338147750939e-16,0.0,0.033269594150543196,0.07477353207404801,0
hard,112000001,performance_nominal,nominal,2242,0,8968,0,9.43689570931383e-16,0.0,-0.3047887004092243,,0
aligned,113000001,calibration,cbvf,3946,2699,15784,0,1.1435297153639112e-14,0.0,0.010775573604774954,0.1377336740671066,0
aligned,113000001,heldout_deployment,cp,3937,2700,15748,0,1.1046719095020308e-14,0.0,0.009483309748869947,0.13655694085817136,0
aligned,113000001,heldout_reference,cbvf,3937,2700,15748,0,1.1046719095020308e-14,0.0,0.009483309748869947,0.13655694085817136,0
aligned,113000001,performance_cbvf,cbvf,3954,2702,15816,0,1.1352030426792226e-14,0.0,0.007696083310791262,0.13488568325017172,0
aligned,113000001,performance_cp,cp,3954,2702,15816,0,1.1352030426792226e-14,0.0,0.007696083310791262,0.13488568325017172,0
aligned,113000001,performance_nominal,nominal,3954,0,15816,0,1.1352030426792226e-14,0.0,0.007696083310791262,,0
easy,113000001,calibration,cbvf,5393,4168,21572,0,8.104628079763643e-15,0.0,0.00240092679121657,0.0700181012083221,0
easy,113000001,heldout_deployment,cp,5548,4290,22192,0,8.715250743307479e-15,0.0,0.02361940144419734,0.04234846818037909,0
easy,113000001,heldout_reference,cbvf,5453,4195,21812,0,8.43769498715119e-15,0.0,0.0021843872292769675,0.06349360356216789,0
easy,113000001,performance_cbvf,cbvf,5438,4201,21752,0,9.103828801926284e-15,0.0,0.0021502052700418774,0.062489558056471745,0
easy,113000001,performance_cp,cp,5535,4298,22140,0,9.2148511043888e-15,0.0,0.023585784429436898,0.041375240881245355,0
easy,113000001,performance_nominal,nominal,5304,0,21216,0,5.773159728050814e-15,0.0,-0.07531304372713489,,0
hard,113000001,calibration,cbvf,3414,2174,13656,0,7.771561172376096e-16,0.0,-0.010720547582313585,0.06090519138996589,1406
hard,113000001,heldout_deployment,cp,10551,4819,42204,0,7.771561172376096e-16,0.0,0.03376295388874985,0.0719402445324142,0
hard,113000001,heldout_reference,cbvf,3313,2082,13252,0,7.771561172376096e-16,0.0,-0.01174010529267339,0.06878377549770578,1333
hard,113000001,performance_cbvf,cbvf,3328,2089,13312,0,7.216449660063518e-16,0.0,-0.011639171210908975,0.06815758896828394,1337
hard,113000001,performance_cp,cp,10547,4811,42188,0,6.661338147750939e-16,0.0,0.033850436802831604,0.07164278677912743,0
hard,113000001,performance_nominal,nominal,2246,0,8984,0,9.992007221626409e-16,0.0,-0.29012278095544475,,0
aligned,114000001,calibration,cbvf,3933,2691,15732,0,1.5107137762981893e-11,0.0,0.031925433934813674,0.15695634703040284,0
aligned,114000001,heldout_deployment,cp,3951,2694,15804,0,5.281608483898026e-12,0.0,0.028478226492254288,0.1537185056843456,0
aligned,114000001,heldout_reference,cbvf,3951,2694,15804,0,5.281608483898026e-12,0.0,0.028478226492254288,0.1537185056843456,0
aligned,114000001,performance_cbvf,cbvf,3933,2687,15732,0,9.79413772306259e-12,0.0,0.03558705240754661,0.16052148685052053,0
aligned,114000001,performance_cp,cp,3933,2687,15732,0,9.79413772306259e-12,0.0,0.03558705240754661,0.16052148685052053,0
aligned,114000001,performance_nominal,nominal,3933,0,15732,0,9.79413772306259e-12,0.0,0.03558705240754661,,0
easy,114000001,calibration,cbvf,5341,4095,21364,0,5.5067062021407764e-14,0.0,0.003188313595914342,0.0926108327445259,0
easy,114000001,heldout_deployment,cp,5463,4207,21852,0,3.7237990468952376e-12,0.0,0.024042216797119195,0.05811094080249569,0
easy,114000001,heldout_reference,cbvf,5396,4140,21584,0,1.2883027977750316e-12,0.0,0.002740697958121095,0.07934281606447827,0
easy,114000001,performance_cbvf,cbvf,5350,4090,21400,0,1.63202784619898e-13,0.0,0.003252533511749191,0.09455455097510478,0
easy,114000001,performance_cp,cp,5401,4141,21604,0,4.604316927725449e-12,0.0,0.02455086490946015,0.07304412680460332,0
easy,114000001,performance_nominal,nominal,5305,0,21220,0,1.8207657603852567e-14,0.0,-0.03845845604635598,,0
hard,114000001,calibration,cbvf,3555,2316,14220,0,8.881784197001252e-16,0.0,-0.009721865993362106,0.05235487341856841,1529
hard,114000001,heldout_deployment,cp,10532,4805,42128,0,6.661338147750939e-16,0.0,0.03476395832806528,0.06475398679635035,0
hard,114000001,heldout_reference,cbvf,3427,2197,13708,0,7.771561172376096e-16,0.0,-0.010512590382886171,0.0591373404798269,1427
hard,114000001,performance_cbvf,cbvf,3540,2295,14160,0,8.881784197001252e-16,0.0,-0.009827856319009157,0.05337006683985428,1510
hard,114000001,performance_cp,cp,10486,4787,41944,0,8.881784197001252e-16,0.0,0.03539106773440648,0.05865635356971413,0
hard,114000001,performance_nominal,nominal,2284,0,9136,0,1.1102230246251565e-15,0.0,-0.25258400849172014,,0
aligned,115000001,calibration,cbvf,3963,2696,15852,0,7.444544980472756e-12,0.0,0.04318651702360506,0.1668860320778605,0
aligned,115000001,heldout_deployment,cp,3959,2707,15836,0,1.2143175354140112e-11,0.0,0.02972061386123872,0.15458198204572113,0
aligned,115000001,heldout_reference,cbvf,3959,2707,15836,0,1.2143175354140112e-11,0.0,0.02972061386123872,0.15458198204572113,0
aligned,115000001,performance_cbvf,cbvf,3960,2705,15840,0,4.427014310692812e-12,0.0,0.03281014554551673,0.15742750779648157,0
aligned,115000001,performance_cp,cp,3960,2705,15840,0,4.427014310692812e-12,0.0,0.03281014554551673,0.15742750779648157,0
aligned,115000001,performance_nominal,nominal,3960,0,15840,0,4.427014310692812e-12,0.0,0.03281014554551673,,0
easy,115000001,calibration,cbvf,5390,4151,21560,0,5.319750195909023e-11,0.0,0.002770624835026916,0.08010591274075826,0
easy,115000001,heldout_deployment,cp,5413,4153,21652,0,2.4248436591989275e-11,0.0,0.02454412183770626,0.07353453578726092,0
easy,115000001,heldout_reference,cbvf,5364,4104,21456,0,1.0906997527371232e-11,0.0,0.0032788906773946165,0.09511810745688945,0
easy,115000001,performance_cbvf,cbvf,5344,4092,21376,0,3.557709682411314e-12,0.0,0.003402322835582578,0.09869520493680121,0
easy,115000001,performance_cp,cp,5392,4140,21568,0,1.4816481375135027e-11,0.0,0.024666950919386307,0.0772279277375926,0
easy,115000001,performance_nominal,nominal,5306,0,21224,0,2.9770630405323573e-13,0.0,-0.03333537866488274,,0
hard,115000001,calibration,cbvf,3359,2117,13436,0,6.661338147750939e-16,0.0,-0.011273464291567503,0.06550510937230364,1360
hard,115000001,heldout_deployment,cp,10566,4775,42264,0,8.881784197001252e-16,0.0,0.03528253125245824,0.06258730551149386,0
hard,115000001,heldout_reference,cbvf,3536,2273,14144,0,8.881784197001252e-16,0.0,-0.009934938845668484,0.05461192668617598,1490
hard,115000001,performance_cbvf,cbvf,3422,2176,13688,0,7.216449660063518e-16,0.0,-0.01066371057206334,0.060657236529573035,1409
hard,115000001,performance_cp,cp,10616,4795,42464,0,6.661338147750939e-16,0.0,0.03461478228873664,0.06740049287264967,0
hard,115000001,performance_nominal,nominal,2268,0,9072,0,1.1102230246251565e-15,0.0,-0.27019293227938773,,0
